{"cameraMode":{"drawMode":0,"name":"Shaded","section":"Shading Mode"},"sceneLighting":false,"audioPlay":false,"sceneViewState":{"m_AlwaysRefresh":false,"showFog":true,"showSkybox":false,"showFlares":true,"showImageEffects":true,"showParticleSystems":true,"showVisualEffectGraphs":true,"m_FxEnabled":true},"in2DMode":false,"pivot":{"x":323.14776611328127,"y":151.38304138183595,"z":249.89532470703126},"rotation":{"x":-0.01170892734080553,"y":-0.00870226975530386,"z":0.00010345473128836602,"w":-0.999901294708252},"size":380.2503967285156,"orthographic":false}