{"cameraMode":{"drawMode":0,"name":"Shaded","section":"Shading Mode"},"sceneLighting":false,"audioPlay":false,"sceneViewState":{"m_AlwaysRefresh":false,"showFog":true,"showSkybox":false,"showFlares":true,"showImageEffects":true,"showParticleSystems":true,"showVisualEffectGraphs":true,"m_FxEnabled":true},"in2DMode":false,"pivot":{"x":12.058002471923829,"y":19.737529754638673,"z":5.836831569671631},"rotation":{"x":0.05027002468705177,"y":0.3495209217071533,"z":0.01878383755683899,"w":-0.9353926181793213},"size":15.589149475097657,"orthographic":false}