{"cameraMode":{"drawMode":0,"name":"Shaded","section":"Shading Mode"},"sceneLighting":false,"audioPlay":false,"sceneViewState":{"m_AlwaysRefresh":false,"showFog":true,"showSkybox":false,"showFlares":true,"showImageEffects":true,"showParticleSystems":true,"showVisualEffectGraphs":true,"m_FxEnabled":true},"in2DMode":false,"pivot":{"x":-12.138042449951172,"y":2.3824939727783205,"z":0.5559062957763672},"rotation":{"x":0.08242969214916229,"y":0.8943372964859009,"z":0.39905473589897158,"w":-0.1847381740808487},"size":3.7419681549072267,"orthographic":false}