{"cameraMode":{"drawMode":0,"name":"Shaded","section":"Shading Mode"},"sceneLighting":false,"audioPlay":false,"sceneViewState":{"m_AlwaysRefresh":false,"showFog":true,"showSkybox":false,"showFlares":true,"showImageEffects":true,"showParticleSystems":true,"showVisualEffectGraphs":true,"m_FxEnabled":true},"in2DMode":false,"pivot":{"x":-0.0950310230255127,"y":0.9097772836685181,"z":0.14115935564041139},"rotation":{"x":-0.45057880878448489,"y":0.5433606505393982,"z":-0.44241517782211306,"w":-0.5532585978507996},"size":1.1648894548416138,"orthographic":false}