{"cameraMode":{"drawMode":0,"name":"Shaded","section":"Shading Mode"},"sceneLighting":false,"audioPlay":false,"sceneViewState":{"m_AlwaysRefresh":false,"showFog":true,"showSkybox":false,"showFlares":true,"showImageEffects":true,"showParticleSystems":true,"showVisualEffectGraphs":true,"m_FxEnabled":true},"in2DMode":false,"pivot":{"x":-0.4928964376449585,"y":-0.24867606163024903,"z":0.6038925647735596},"rotation":{"x":-0.3315284848213196,"y":0.2924564778804779,"z":-0.10880742967128754,"w":-0.8903984427452087},"size":2.4242746829986574,"orthographic":false}