{"cameraMode":{"drawMode":0,"name":"Shaded","section":"Shading Mode"},"sceneLighting":false,"audioPlay":false,"sceneViewState":{"m_AlwaysRefresh":false,"showFog":true,"showSkybox":false,"showFlares":true,"showImageEffects":true,"showParticleSystems":true,"showVisualEffectGraphs":true,"m_FxEnabled":true},"in2DMode":false,"pivot":{"x":0.022970080375671388,"y":0.93276047706604,"z":-0.10449028015136719},"rotation":{"x":-0.45057880878448489,"y":0.5433606505393982,"z":-0.44241517782211306,"w":-0.5532585978507996},"size":2.256981372833252,"orthographic":false}